,A,B,C,D
2000-01-01,0.9744339175107906,-0.7508921564936123,-1.3119636108254418,-0.7316085716430009
2000-01-02,1.8547040035026812,-0.6189039610733433,-0.6694221535300978,-2.503799958939288
2000-01-03,1.6887297721401842,-0.6451131077535512,-2.177797564603029,-2.552522631705486
2000-01-04,0.6059891236245529,-0.6310239064948653,-2.558598702317918,-2.7361024805422547
2000-01-05,0.9776121846141299,-1.6540088913764361,-3.151966101619106,-2.4932789741324637
2000-01-06,2.406653736341317,-2.245893067016181,-3.313672616317823,-2.49159408049066
2000-01-07,2.5826682917891333,-3.3520151001218537,-5.639218452030802,-1.4977841318204284
2000-01-08,2.285399163455912,-4.336432612011151,-5.351705026117159,-3.6022127449903296
2000-01-09,2.3304435591869614,-5.613134409116144,-4.86286428347565,-3.0018063510850874
2000-01-10,2.889051046840111,-4.9605626082109495,-4.682242263739819,-1.928942588365512
2000-01-11,4.654684015617288,-3.2205982337417414,-5.730426280063335,-1.3862111712899083
2000-01-12,5.422175194381303,-2.6966705569159295,-5.4429145247221244,-1.6763149941757172
2000-01-13,4.893821237547354,-3.8953491588016744,-4.678382857270212,-1.0258257241994082
2000-01-14,6.193478312215976,-3.862035782470739,-4.264327687527968,-0.8386127763755136
2000-01-15,6.047044257524193,-3.364692584535823,-4.559184585731216,-1.0982208159002438
2000-01-16,6.951180952823601,-2.018172898726779,-3.228352501398479,-0.9710770304458858
2000-01-17,6.349330022916344,-1.8924730521688018,-2.6460174536902086,-2.1092140472754366
2000-01-18,6.537945565630183,-2.7974395707078923,-3.0451049774109777,-2.928183903682558
2000-01-19,6.265370734329553,-1.9826608198425881,-3.065416709333761,-2.286328217880513
2000-01-20,8.103477417963173,-2.132219553086306,-2.898321975203356,-2.533320874658423
2000-01-21,8.166575767246743,-2.067533085928257,-3.3183355271220147,-1.8232710823776073
2000-01-22,7.279536970437169,-3.824521218914926,-1.6753392167317895,-0.5996231259924887
2000-01-23,8.341407604808381,-3.7178019268969056,-2.1797073746681197,-0.8859582286644205
2000-01-24,8.012771958811763,-2.1529859044038995,-2.8632930119137026,-0.5850920714376969
2000-01-25,9.484200944302785,-3.064564112535593,-2.0898651576797063,-2.714404689532381
2000-01-26,9.965790164009395,-4.179072298293278,-1.6577504483027632,-3.083675928651287
2000-01-27,10.430154094731865,-3.531486667105328,-1.1309498307962844,-1.901037285415696
2000-01-28,10.796847673470705,-3.0097102495739634,-0.6912975023539407,-0.040699606423278745
2000-01-29,11.935672772310742,-2.036437664531254,0.17018583747128302,0.23884068942605768
2000-01-30,13.097926811085225,-1.5480863162615501,-1.2032692922275727,-1.6907644391674832
2000-01-31,12.283047339149588,-1.716860446644552,0.458163368050297,-0.5088404183588717
2000-02-01,11.811319217519852,-1.2686404174559769,-1.1503368257822693,-0.4083036648459183
2000-02-02,9.871853956651886,-1.526303810531122,-3.2958249384233627,-1.7136914978044673
2000-02-03,10.477734370664196,-0.765088576688834,-2.450402797122707,-1.8525969318055515
2000-02-04,10.428721177537202,-0.23048314115148338,-2.580553133893344,-1.769721753303278
2000-02-05,10.786885830555521,1.0142463840227696,-1.9435559307090888,-0.5620787267302043
2000-02-06,11.712670164532827,0.6030013450365025,-2.91198006072179,-0.6410444208158583
2000-02-07,11.244278061996212,0.4137145176269291,-2.8832235536961743,-0.6886404114629379
2000-02-08,11.197974866494866,-0.45447981484368993,-3.685262786830613,-0.7132126828669154
2000-02-09,12.70279530137088,-2.454038807372355,-4.374702327770208,-1.1785267962349493
2000-02-10,12.573855957228924,-1.4653522933809895,-3.524204781510355,-0.607638254429422
2000-02-11,12.885929591761784,-2.403425355124316,-3.1882364640765335,-0.6143502531257091
2000-02-12,11.365776499093737,-3.432430946076805,-1.884250675784897,-0.43032662189926796
2000-02-13,12.795439810712097,-3.4382412204612733,-0.5202119741572491,-1.7115875059630818
2000-02-14,12.761500076506424,-4.635821163783141,0.6959820821880309,-1.1820415426011932
2000-02-15,12.198614362382402,-5.397611898164841,0.9906844577122551,-0.7388387175240103
2000-02-16,12.31961499385526,-2.897008223160245,2.040115407165488,-0.11374082039385924
2000-02-17,12.467066561921449,-2.112873622298361,2.3275873594805607,2.9286757224424944
2000-02-18,11.32536715584857,-2.0378004682823088,1.8965849928908218,1.625928621211967
2000-02-19,9.958314875652517,-2.4274584987032157,3.211648705110206,2.613341403989904
2000-02-20,10.171666402462114,-3.0938997100095045,4.235243676859083,3.162798107954123
2000-02-21,9.67338722651676,-2.942424514921112,4.341260856705151,2.112017816912678
2000-02-22,8.334152742792897,-3.3354396602722356,4.935282350219863,1.611792202929054
2000-02-23,9.816246537527858,-3.268696282776844,4.796065099390605,1.2516575471602094
2000-02-24,10.815270824424939,-4.216032600909347,4.86828436083853,0.022186778590340905
2000-02-25,10.905603036801693,-4.938987773156401,4.96629933589075,1.5087003314465994
2000-02-26,10.253440625782618,-4.5968641448450445,5.2118980609731995,0.3721060209237168
2000-02-27,11.164554486139316,-3.483639592513417,6.560230778712152,0.03650980692603023
2000-02-28,10.1113228322971,-3.134536369256632,8.130856418173149,-1.7623953511537382
2000-02-29,9.633938514773131,-2.3075327140830666,7.872902138500271,-1.3429189231063576
2000-03-01,8.310088987595341,-1.9165547271348893,8.451784664585924,-1.3941290436420948
2000-03-02,7.647289800847663,-0.8710399714587149,8.646282790139832,-1.286268295477828
2000-03-03,6.837341827517139,-0.27575115273964235,9.281935205849878,-0.3308167400072116
2000-03-04,6.9670720553119745,-0.7520914927647352,9.372258993793864,-0.687075728851999
2000-03-05,6.929192060000575,-0.05259884621594457,8.25403467904387,-1.1174933495210437
2000-03-06,5.725608127238585,0.6471372887283824,9.416600439969246,-0.7670614659396779
2000-03-07,6.164537186136389,0.855126054700382,8.48753926832471,-1.200035064718321
2000-03-08,6.078639195985649,3.2869352596851336,9.512529641052275,-0.5452273768023141
2000-03-09,3.9468295430299363,1.8542543049542068,9.260620030420498,-0.4578215124610572
2000-03-10,5.439009807340211,1.999592988250743,10.74717436879914,0.09555828250313758
2000-03-11,5.708956468434709,1.963837340361299,11.20375511137294,1.2883372092105216
2000-03-12,5.42947239415983,2.229016703195508,9.246163655052376,-0.7543844030053428
2000-03-13,5.287402109201508,2.353814382248335,8.20445777066084,0.9496973952283827
2000-03-14,5.264685590468034,1.192401235862978,8.963686127535375,-0.16598346218058402
2000-03-15,5.113887393971103,1.1813350452460447,9.102138348566877,-0.6779486316587209
2000-03-16,4.9705535837914425,2.6714041310446888,9.641044805441865,-0.7059557474306982
2000-03-17,4.181400002936983,3.158148905725353,9.118421239294689,-2.9881998181181753
2000-03-18,2.8140212052022036,3.9495854542231337,9.417910488800668,-2.8203588499620476
2000-03-19,2.791407081058966,5.658166661514886,10.861098842227667,-2.2667772232213643
2000-03-20,3.049698656537215,4.281419100979452,10.019874280055916,-2.7447428663135627
2000-03-21,3.4286624441825375,3.1394368884072454,9.892185423058079,-2.339037672729855
2000-03-22,4.081037411380101,1.2567520379084436,10.278176582719263,-2.2235876492963427
2000-03-23,2.959756555808151,0.7289411061695639,10.03025491496651,-1.6439328689408894
2000-03-24,4.6356400492938095,2.3114815935581237,10.537976863430247,-0.927914897466707
2000-03-25,6.015628614008127,2.6394535647461588,9.702137263279845,-1.668958535541223
2000-03-26,4.943154369182185,2.3780749677745305,7.861495062473047,-2.1239570531473286
2000-03-27,4.239144393956557,1.18233035002764,8.939662958858229,-2.153821348739269
2000-03-28,3.4286653958023656,2.386106291732956,9.695275426371719,-4.111561864249017
2000-03-29,2.8600562488843986,2.234889203992739,9.318189594227796,-3.3723789647956677
2000-03-30,1.563984139524809,3.7908047793637856,9.717697382742987,-2.9614237973419475
2000-03-31,2.15295799383777,2.7966296312970838,9.814193325670493,-3.0783766540478927
2000-04-01,2.566829175466392,2.9162686744524633,10.173424290131127,-2.502089097662594
2000-04-02,1.4563082490964716,3.3154135038817305,11.682164260201178,-2.8784559658176385
2000-04-03,1.634165728418746,4.3362117478723645,10.619106222043351,-1.961129162813814
2000-04-04,1.166276175105118,5.409713477731145,10.681399133799667,-1.928874691232617
2000-04-05,2.008747555563696,4.290724668598733,11.002354625928044,-2.7587934196740527
2000-04-06,1.3069301319056388,4.4693368559861035,9.940830296819623,-2.1649883563980943
2000-04-07,2.1783435632129335,2.524231357961116,8.911066507091682,-4.142100788867917
2000-04-08,2.3589615195674076,3.433535752652323,7.541069146788248,-5.438138097174206
2000-04-09,1.6104495184876058,3.162898428357482,7.138876648857757,-5.046013406970895
2000-04-10,3.7118377634926754,3.4185538947979164,6.0641066684498135,-4.912997006232792
2000-04-11,2.0105997195864322,2.7687655958311295,5.739346131768793,-6.3868447166416855
2000-04-12,1.5104652242771772,3.7037276860355233,5.450609417203322,-6.563182922759303
2000-04-13,0.5524509312656347,4.28974790212913,5.081239637028673,-6.157403356619291
2000-04-14,0.48204636460044786,5.232896378827023,4.742965401691156,-7.192354199879901
2000-04-15,1.3597209375437693,6.075841041877042,2.6395289910655646,-6.796749108186418
2000-04-16,-0.1814907877714802,6.536254081019752,4.441929282276621,-7.857492662654653
2000-04-17,-0.8290258036577014,5.952818024090037,4.817972248438826,-5.695627408231941
2000-04-18,-4.609192322933897,5.149070328357763,5.245805867312419,-4.30891052396394
2000-04-19,-4.650875370535798,5.9102369199844205,4.941633433775832,-2.8953707666147226
2000-04-20,-5.335232459724527,5.571131024596621,4.782533960512642,-3.441178889268607
2000-04-21,-4.9082811677469795,5.500046652453722,5.8014515795147705,-3.1669980748607496
2000-04-22,-2.8006944759649044,6.271341814044633,6.104845910296594,-2.1225636348237797
2000-04-23,-4.1341740975352534,6.762365443922763,7.07490718697468,-2.439953993455542
2000-04-24,-4.840168131672857,7.181130596356602,8.988351141522205,-1.7193988066187518
2000-04-25,-3.8265283843229208,8.18048434607768,7.618106901114278,-0.383553247660946
2000-04-26,-2.927758376882814,7.600176410198683,7.3899871570645645,0.9764869593624323
2000-04-27,-3.3808426183532587,8.256835929129098,7.212339798384721,1.5162776384341914
2000-04-28,-4.290322429258775,8.094906025900501,7.570947498268183,1.3745758247801394
2000-04-29,-5.405016499389884,7.3281803313118115,7.161249806246189,0.9021996887216552
2000-04-30,-5.971963468353349,7.853915095320951,6.36246266619119,3.0643369928874153
2000-05-01,-4.750386641753177,8.154639493133322,6.970963663736146,2.3190409517391086
2000-05-02,-5.037772504443768,8.711784203665925,6.820906337965494,2.3591804037648143
2000-05-03,-4.174554585803087,9.072978547280119,6.44654113155751,3.5845570704707224
2000-05-04,-3.009957865493252,8.7017503586817,7.371950339608663,1.6212779771504573
2000-05-05,-1.5448574508650792,9.513792124363615,7.774827623014487,-0.5908307945057152
2000-05-06,-2.227789585229993,11.219207613547095,7.348557974806682,-0.19612382936684475
2000-05-07,-2.1778385753014007,10.100563613973199,6.2146138340803185,-0.06540957770965761
2000-05-08,-2.2379079480623156,11.950097872047081,5.586996664037832,-0.854271489534164
2000-05-09,-0.8600472892547688,10.819479302931654,4.73403455387342,-2.2897144238578715
2000-05-10,-0.4872217643271686,10.477522227485085,5.197162048930329,-3.0199403794941957
2000-05-11,0.5722767871738157,12.086111959737785,5.08768412047027,-4.222781006683867
2000-05-12,0.22006412663869268,12.020813712405609,5.3447474470339875,-3.1043692724322844
2000-05-13,-0.08622741528769184,11.142860557380391,6.747847600327724,-3.4547224630691478
2000-05-14,-1.246874992230294,9.578075452326159,6.161174669543178,-2.0263116469360396
2000-05-15,-1.924663266049187,8.216365046007276,5.1952908548724945,-1.0457975436360005
2000-05-16,-0.29798013923234024,7.688426942417386,5.181399566821461,-0.4940158744203652
2000-05-17,0.24778378330322126,6.9387241914096505,6.457761353351705,-0.8559371360096635
2000-05-18,-0.08151796636542152,6.641277988498484,5.583824142688335,-2.3500006483645013
2000-05-19,1.6418714009616386,6.617210462886947,6.42303402278855,-3.066644266714026
2000-05-20,1.3930770738237408,6.691500510960716,7.47539099629239,-1.3570951938187406
2000-05-21,0.9141552733878602,6.01856800995999,6.755404710847038,-2.0514881160643395
2000-05-22,-0.4977447605309504,6.087950792362361,6.752230196378887,-4.152993341325189
2000-05-23,-1.168498544185742,6.398823289703295,7.430396716749032,-6.7400178737495775
2000-05-24,-2.657841134184024,5.897341845647559,7.7200071572951465,-6.60882693155175
2000-05-25,-3.0135398193952776,5.93343259873343,8.057986814865037,-7.135208668950061
2000-05-26,-5.578986325050158,7.474003190628615,8.761799538139822,-6.223723696544012
2000-05-27,-5.5568526221898695,8.029197011929813,7.00286469172227,-5.229226980631487
2000-05-28,-5.978365596160121,8.236292524922312,6.649108996836091,-5.330648151623509
2000-05-29,-5.474017488797907,7.254661051626206,8.291304244051718,-4.797464183265194
2000-05-30,-5.478051387664098,5.578451285065608,5.824577083681566,-4.839507807749512
2000-05-31,-5.027613243854215,5.089487604485595,7.4624264287228534,-3.292120756693901
2000-06-01,-4.491572467910849,5.948815985474728,8.455162325127555,-2.6867044384755023
2000-06-02,-4.39114632089689,4.9329342476562426,8.853406333860095,-4.343968768619268
2000-06-03,-6.718142230921604,5.02594540977323,8.137560202048054,-5.560622066344379
2000-06-04,-6.13553373314891,4.763660443144701,7.753415408532671,-5.789377245692816
2000-06-05,-7.38526484475163,4.7671244696488575,6.352851612405313,-5.278144288511955
2000-06-06,-7.393228003378668,3.2708808182721096,7.629578721298319,-3.8211561580541495
2000-06-07,-6.384093692814784,2.78421272778964,8.194867208821327,-4.417670957215634
2000-06-08,-5.520274488154488,2.936229377706222,7.893609773325805,-4.071508765507906
2000-06-09,-4.460574652756651,2.9622596291423067,6.28159243154672,-3.5307107936285793
2000-06-10,-4.731880599172593,1.885924456317843,5.695760616101503,-2.5259129589492604
2000-06-11,-4.994280394686552,2.8103887430753502,6.568730526390554,-2.765728507445947
2000-06-12,-4.00590553108581,2.7466444046223875,7.083417544932869,-2.7385091454389365
2000-06-13,-5.15831131708625,2.2405145173451837,8.597110708350941,-3.298937797723355
2000-06-14,-5.911817213172767,3.5433550835543337,8.703354530607735,-2.6105079518273206
2000-06-15,-8.100562614638532,4.936828458447391,8.862894675599746,-3.7060693496966812
2000-06-16,-8.013589531026378,3.9888981861607355,8.401180950510144,-2.135737029988375
2000-06-17,-7.913162401320419,4.423863446988005,8.11072542978112,-2.11760555419753
2000-06-18,-8.854704032874935,4.017294246937785,7.846849914171121,-2.0147697938579605
2000-06-19,-9.228905102726536,3.96813469411847,6.37375253550472,-3.2371588807983445
2000-06-20,-8.287623785798578,3.8113663091910333,6.374279586054599,-3.1152331512736917
2000-06-21,-9.096139186128706,2.904530584449826,6.719873163346193,-2.7665704818073946
2000-06-22,-10.372986842080394,3.530475514860543,6.054409814195094,-1.7353233633021763
2000-06-23,-9.072717411884213,2.56423532737331,4.853518835592563,-2.7060745266347497
2000-06-24,-8.287424670004674,3.9281154220080836,4.803708283416496,-3.0739344345658997
2000-06-25,-6.99601128350383,5.581810009315872,3.4213154883202685,-1.5571181808617744
2000-06-26,-6.299937235114944,5.872704619227679,3.949387719590304,-2.214899879155606
2000-06-27,-6.407405798864701,6.689451016601534,3.637848884045479,-0.4349645868026657
2000-06-28,-7.017126736250947,7.036147194893571,4.5542399467940875,-0.760869143679404
2000-06-29,-8.81394207516696,5.726743078453525,4.4129007242319584,-0.3868817445398581
2000-06-30,-8.635290011062281,6.640956516312474,4.283157636176029,-1.265871436684078
2000-07-01,-8.290281319115191,7.775908105642421,4.669051729042515,-0.48041908018438517
2000-07-02,-8.968341573625663,7.647532760667895,4.2884498207682995,-0.03685417198185148
2000-07-03,-8.511234710472149,7.4262422153640575,4.190777246619217,-0.24935811920842946
2000-07-04,-9.201161745099098,8.072360153418618,4.610746334271592,-0.8651619019723378
2000-07-05,-8.897190864451483,8.437659518781384,2.3750534366470353,-2.142410715702142
2000-07-06,-8.592741248744131,9.096882175601714,0.775037078253628,-4.4064905535629855
2000-07-07,-7.960256960201844,8.950689109379155,1.1568583035402606,-2.5389918468436994
2000-07-08,-9.367253150469626,8.915636868459057,1.7014090502564723,-2.058768546309757
2000-07-09,-7.675185201579723,10.143179062699414,2.908074524184752,-0.2246529754711719
2000-07-10,-8.120668217309504,9.024985994679458,2.729965709235027,0.3565490500632795
2000-07-11,-6.534296981694573,9.705650075419559,1.8103871542677976,-1.7492636626505025
2000-07-12,-4.895780920208076,11.66421869530683,3.5228273803381587,-1.922444002416426
2000-07-13,-7.2928704371082365,12.507212636251895,3.488139751896571,-0.35292070444313084
2000-07-14,-6.905928260451881,10.849102995877827,3.098866828200665,-0.29798201361045545
2000-07-15,-7.000505134761148,11.780817772675356,2.754042915271241,-2.0712445063625884
2000-07-16,-7.42324759127239,13.517677239435894,3.916157893300927,-2.279963489299877
2000-07-17,-7.918535760284898,14.361561872894145,6.224919677445628,-3.1270693491352457
2000-07-18,-8.597770561944289,14.647374707432085,6.045245143521262,-3.951174814184565
2000-07-19,-9.561230898393374,13.16233997858109,6.579360703315653,-4.441699254283671
2000-07-20,-10.066769406741841,12.435442983085453,5.7794935846406705,-4.581639017120036
2000-07-21,-9.49866828054593,12.51737433618697,5.7489064740824665,-4.549398988509407
2000-07-22,-8.992540339147368,13.16509499942557,4.448894180639044,-6.268888781510503
2000-07-23,-9.039778625895527,11.475746594658581,3.2173813938473694,-4.541333533030649
2000-07-24,-9.74088136218231,11.989805683682732,4.5376827494307825,-6.033620237954369
2000-07-25,-10.022882720733094,13.817655576194799,4.306321509843646,-5.311514630166854
2000-07-26,-9.720981759555277,11.762004244519144,4.388725317544554,-4.734218452440219
2000-07-27,-10.130172224683136,12.202495368649837,3.020820739657158,-4.999602794339885
2000-07-28,-8.077009213899416,11.393419817009962,3.7038050860364473,-5.290708761295797
2000-07-29,-7.164922001422108,10.498789262253297,4.884824446371191,-5.6380427229092165
2000-07-30,-7.32410132835413,11.776449203049745,4.545716881251809,-6.289487639876519
2000-07-31,-7.003720016817684,11.95856180847554,6.018993417707941,-7.974050758993998
2000-08-01,-6.565938579107955,13.420606037287655,6.141365623850375,-6.862855545518735
2000-08-02,-7.4425053863110175,13.381010999126584,6.483590611810181,-5.236855437978594
2000-08-03,-6.694162736406841,11.874577947112858,4.686908328455306,-6.922418653882669
2000-08-04,-6.433468383824475,10.3486804133474,5.414857769792202,-6.4280854630548845
2000-08-05,-7.970828674183917,10.86580193135762,3.909327952068113,-8.115487734615643
2000-08-06,-8.337602079528528,11.747123623175687,4.529449555759247,-8.369409220752432
2000-08-07,-9.068627366416726,11.996978110192623,3.338145403275204,-8.74756033243191
2000-08-08,-8.040426442632594,12.491510842860995,2.2840364757411464,-9.135050496793852
2000-08-09,-7.422547713768974,12.461236603217905,2.1775603703514657,-9.258388993490295
2000-08-10,-7.245770823473511,11.733251560942081,3.7774281455094325,-8.292323133560501
2000-08-11,-7.497975292407934,13.189056262973676,3.0070001763336625,-7.3801014666214195
2000-08-12,-6.735695191686493,13.585456221321028,4.626173571556397,-6.259203095953323
2000-08-13,-7.691575756955219,12.999744239260279,4.051773001758789,-4.506811188948071
2000-08-14,-8.954624086253299,13.772547822125107,3.485371666474989,-3.744691599449763
2000-08-15,-8.854145446785113,14.320840745111056,4.132697410717816,-4.871412244623722
2000-08-16,-7.438510468476418,14.04890071761937,4.785508590264234,-3.8437353284675364
2000-08-17,-6.885102589070869,13.49107253682503,4.520522375687692,-5.061604670543672
2000-08-18,-7.598911346102418,13.552244792411532,3.4901757210097433,-4.037451009328113
2000-08-19,-6.994051547564058,12.316805168508143,3.3010362419836143,-1.7316128833329283
2000-08-20,-8.262741808279065,11.020270915533274,0.9975539843710011,-1.4099946383260824
2000-08-21,-7.953876696018189,9.174413000890485,-0.6257580960784783,0.40109420082996494
2000-08-22,-7.355445533188374,11.016378004422696,-0.3792553820700617,-0.7438164888166947
2000-08-23,-6.1750076736970785,10.66161486771065,-1.1573624570201368,-1.9046950155523683
2000-08-24,-6.702467950075003,8.716724701785258,-2.7998021181235346,-1.3953680337178935
2000-08-25,-7.380180967214574,9.3346531952975,-0.9140313183042157,-2.0250995618419934
2000-08-26,-7.335649996926729,9.949953514707362,-1.3773820838880213,-1.5508751208279032
2000-08-27,-5.781527958088211,9.507293016034165,0.02322449974245555,-2.597766521853231
2000-08-28,-5.329255859734747,7.755028788038161,0.4315270662458509,-5.173078138413834
2000-08-29,-5.2067090307144035,7.5572269968413215,0.9663565686467172,-4.360978980636296
2000-08-30,-5.127208269015138,8.531945150547864,-0.045166184138771936,-3.848399225863734
2000-08-31,-7.368484391984279,9.207599449150722,-0.538192317812141,-4.645524913325698
2000-09-01,-7.058966710809438,7.555178742707154,0.34788643193551183,-3.373154317149993
2000-09-02,-8.250044319026552,9.24923461823537,0.40368203413230935,-4.614066143166983
2000-09-03,-7.335098314813147,9.37848969213236,0.8473820228958588,-4.882749586014502
2000-09-04,-8.21285468256955,10.959665978268841,1.5667313340292726,-4.065790082698818
2000-09-05,-6.139944553010231,12.045912245954018,2.246641590030925,-3.878370655268802
2000-09-06,-6.038705696997616,12.990016583037637,0.19089695712051746,-4.340323899681553
2000-09-07,-6.107583969171279,12.415972606758832,1.2795897604159907,-3.001184115151035
2000-09-08,-7.491747760762064,11.726856375416888,1.5795505332507518,-1.8787583595152177
2000-09-09,-7.037318173793651,12.425339028402425,0.15283540534089535,0.3101197750656641
2000-09-10,-5.676213125101223,12.07205344818008,-1.1278886020910386,0.47317236669533647
2000-09-11,-5.118822732232779,8.961455733813711,-1.395079286474993,-1.4399268126981726
2000-09-12,-4.2131305667593315,9.256410978983482,-3.0877698523719204,-2.6499211256252986
2000-09-13,-4.439540100418832,10.430527620069721,-2.1638383863137918,-3.7026588788732875
2000-09-14,-2.2428411032700355,12.034930709396246,-2.1242537287652956,-4.337477557986515
2000-09-15,-2.1581455192739525,11.635258425238613,-2.9294373383931225,-4.2224512411206865
2000-09-16,-3.136682551759682,13.293904104847797,-3.67137016832156,-4.319150981421692
2000-09-17,-4.553287367895486,12.607941988846319,-3.316695316319567,-4.503541857093373
2000-09-18,-6.174757383792347,11.451644535457701,-3.2519995996419624,-4.356012661865922
2000-09-19,-6.444730224414269,11.736775606608067,-2.9886823330554337,-4.580849773631195
2000-09-20,-5.365286149721044,11.544345287086044,-2.0897478804442686,-3.090673105062477
2000-09-21,-5.3755827073641544,10.351455065177845,-3.4815761240949414,-3.9501714800561656
2000-09-22,-7.45716243622444,9.307439168511344,-4.067275114673451,-1.2082925980191175
2000-09-23,-5.645830122508872,8.528002970975592,-4.563445929277114,-1.1815963526439006
2000-09-24,-7.301690325177596,9.535627617012192,-6.360334756717397,-0.2710697187614647
2000-09-25,-6.283138925242529,8.23888180550821,-6.5491387286374385,0.32835628632646086
2000-09-26,-5.59172166237767,8.754373461942903,-7.437913297745147,-1.2701689009903032
2000-09-27,-6.591746552512217,8.643391746539296,-5.817690075343491,-2.0527543577542287
2000-09-28,-8.307099631363212,9.585634573398208,-5.6279568570951355,-1.4407583099681087
2000-09-29,-9.008925824045603,10.716316400369005,-3.3367556741465405,-2.785813734089543
2000-09-30,-10.312465409396022,10.8792160258919,-3.090485044857856,-0.9029478160528237
2000-10-01,-10.766208805385478,11.58938950163358,-3.243246790790221,0.3769030409451539
2000-10-02,-10.683690065915957,11.61762436096011,-1.574619696621018,0.4498225434847619
2000-10-03,-11.677936218719507,10.464694299263698,-2.498691297956601,0.5972258468281193
2000-10-04,-13.284317843598133,10.930149520364196,-1.4382014781595671,0.022512755264480155
2000-10-05,-12.094427055962433,9.173125230961627,-1.3453417439281667,0.8901104347231231
2000-10-06,-11.492636387734489,7.906670181959936,-2.5325113864719047,2.8201378850791046
2000-10-07,-10.256332633572306,7.41012181241109,-3.889003785407448,2.510450695918887
2000-10-08,-10.263085236938352,7.958574871872906,-4.557369031355314,2.73940505207852
2000-10-09,-8.73873786029721,7.514505113364738,-3.7654106134614858,4.161930547841352
2000-10-10,-8.520405636388633,7.989860725636873,-2.3138383952751207,3.933769165279515
2000-10-11,-9.691478998773349,7.248381809171634,-1.6059088536365715,4.2555541839278055
2000-10-12,-8.378033549379179,7.978320140996964,-1.1339739499342705,4.517957723981412
2000-10-13,-8.720075635217077,5.939702356875296,-1.6297049867052285,5.778505040098496
2000-10-14,-9.204878597956425,7.009608891353646,-0.30657850476294257,7.178692267464099
2000-10-15,-9.762444896116442,6.668706039855771,-0.5880080242727393,9.794697814382843
2000-10-16,-8.862612782114882,6.83857595740185,2.449560499907752,10.803598013567267
2000-10-17,-9.876005852900409,7.160105532632503,3.8130231247611794,12.068155682384278
2000-10-18,-9.014398503093684,7.070967243731095,3.5759987763628565,11.550190427286887
2000-10-19,-8.512908679992954,7.009900906644364,2.4072296788056917,11.731001741393374
2000-10-20,-8.05903580836183,6.520853681574903,1.7354151609888233,12.478114380779829
2000-10-21,-9.038515720001902,4.275050315021611,1.3017749268855405,11.134378885662976
2000-10-22,-10.345721576418967,4.1861093124679245,0.9634106874011739,10.860477675017036
2000-10-23,-10.837849890831883,4.918742346530495,0.18558701199872263,11.849537120592892
2000-10-24,-9.903041982259023,5.010476255601181,0.2975650708366858,11.534340571406517
2000-10-25,-8.518361214787426,5.938293700563482,1.3215106764433568,12.105270091575985
2000-10-26,-8.499918504089594,5.729455542804533,0.8393341088458408,10.239872768576786
2000-10-27,-9.109565251364026,5.286293221135329,2.141062881238039,9.534765515208528
2000-10-28,-9.703654781777232,5.773723252606795,1.5045543577851541,8.42101939167599
2000-10-29,-10.240323927168799,5.263597337589082,2.126691557675315,7.737589015424348
2000-10-30,-10.777204632706415,6.831105706305413,3.581654497960944,6.969786607830532
2000-10-31,-10.335802420903212,6.476283885369671,2.032663477844688,6.842180335278838
2000-11-01,-9.586263439908189,6.658957083961796,2.1616282219239804,4.536560914533924
2000-11-02,-11.263925185046507,7.822972266803616,2.7786774857659085,3.8134659311558714
2000-11-03,-10.302907390604924,7.615283428588729,3.24572991700295,2.4054070713657305
2000-11-04,-11.065374673845785,6.805496652603292,3.616533598827298,3.533336519437164
2000-11-05,-12.195398617731215,5.418451680111794,1.8710453303706642,2.5082174039233673
2000-11-06,-13.033282521962022,4.301455489961364,2.2398955632200375,2.8157557466276457
2000-11-07,-12.945718811631519,7.3947279267757295,2.947616243765321,2.9158489479876573
2000-11-08,-12.72662566236119,8.01985168732805,3.4728635995809842,3.7696623266646307
2000-11-09,-12.46126916442638,9.792370492897122,3.4012031465335397,4.422310813158619
2000-11-10,-11.251181902555103,10.249119106715366,2.557919186527064,5.422942183709343
2000-11-11,-9.311834936373192,10.735838001675933,3.763446558511938,4.633083778605268
2000-11-12,-8.351629649841204,9.563544229646451,5.107651560977452,5.791723649558968
2000-11-13,-7.6579654447438,8.643826237561033,4.451841456841269,7.575294236363931
2000-11-14,-7.423004107115846,7.624247614181679,4.988608475991611,8.249402838981805
2000-11-15,-7.263487099884824,6.308064805152168,7.30853481812902,8.875198814612572
2000-11-16,-8.008394856783033,5.975896975761497,6.244990482044857,8.642821805417581
2000-11-17,-8.899983523115246,7.311269680634599,6.405893633109967,11.046228727746382
2000-11-18,-10.613672154915825,8.821064168430855,7.658072473325608,11.861768624337092
2000-11-19,-9.537259260924703,7.502339255673547,7.2978585235030575,13.317037447096407
2000-11-20,-10.565920343699437,6.89373053997891,7.6228760294267675,13.873936027993741
2000-11-21,-10.490435126128117,6.582827244005533,9.079354427255133,12.746872560227196
2000-11-22,-9.395063185815271,7.357323862539923,9.576472721989472,13.900397482149241
2000-11-23,-8.99152726672177,7.614366548997376,8.811471593111227,13.107225840847589
2000-11-24,-8.418265453797378,8.28940299861156,10.51510671036989,13.565382738078267
2000-11-25,-6.425207965950563,7.707868253651732,10.58107926625532,14.151805717353858
2000-11-26,-5.520256846621039,9.12651585769895,9.645207717591232,13.982277726964961
2000-11-27,-3.6964676513536494,8.585888804027668,10.635816320167452,12.831704230677758
2000-11-28,-4.744247967189795,9.423183289835764,10.494944935156793,12.509498652643774
2000-11-29,-5.2170335732229765,9.152005168150628,10.593873185125304,13.374596790572655
2000-11-30,-5.867106456846071,9.926521959354222,10.676920676700213,12.697221528373628
2000-12-01,-6.2732139071196,7.907358004468911,10.294825335498132,13.033369975521566
2000-12-02,-6.5371716311746955,5.603951999420929,7.881660911098939,14.452822996653127
2000-12-03,-6.7388911820815185,5.525686643040663,6.903612979883031,16.00598803481351
2000-12-04,-7.219755299575598,6.056640420686656,5.889537859127159,16.564295390999487
2000-12-05,-6.356600955341086,9.184635465277397,6.474529992087873,16.148599020608074
2000-12-06,-6.778608258195224,8.990463630464676,8.062317560415485,17.262985823534187
2000-12-07,-6.859985922497295,8.084573185018336,9.34834384715791,15.82847014207365
2000-12-08,-7.172815829277131,9.35015899911755,11.830123536677432,16.067763930020103
2000-12-09,-7.16783457642406,10.38418772747447,11.733273450576943,17.64555449372935
2000-12-10,-7.866746506916487,10.141538262635626,12.886056607123626,17.496804965337397
2000-12-11,-7.934129937704385,9.661739369000292,11.898238311511113,18.410864930765158
2000-12-12,-9.2334343480154,9.329011782249138,10.776273750174312,17.285952463728933
2000-12-13,-8.966618909412984,9.846904066187447,11.123188541542161,16.86901041269762
2000-12-14,-8.712134198119227,9.815504947433995,11.177622703289776,16.00265647709991
2000-12-15,-7.043099543852895,8.917049530777449,11.367704597018903,14.568542095460385
2000-12-16,-6.5500349630913846,10.504869144806175,10.576078865188517,15.1788282577102
2000-12-17,-5.812713741523988,9.488114684892272,11.385587902425192,15.510578542899419
2000-12-18,-7.3347383825624615,7.438914148603095,10.354558292488058,15.704139421942903
2000-12-19,-7.586188494188374,7.497226694058217,7.455207922423524,15.595480501531133
2000-12-20,-5.512683500290828,7.591755386795845,6.029019181720881,15.724184252875215
2000-12-21,-3.4167840562392637,7.131714619097028,7.012259302162306,16.399980436090097
2000-12-22,-2.446288770419775,7.882125836566797,6.98051231414289,16.41417814576303
2000-12-23,-1.0639724668139332,8.732572950823384,6.302168235992551,17.687322784414278
2000-12-24,-1.7144672611033138,10.225942534807224,5.847306989232572,17.389475096431454
2000-12-25,-1.525513265306771,10.689631216623129,5.674591673645267,17.57683586349099
2000-12-26,-0.47159640180238416,11.10649200593456,6.715986676863137,17.671680230292857
2000-12-27,0.03998790561890653,10.484481743500995,5.527804857068971,16.28616795429069
2000-12-28,-0.710993089261316,11.361070947673893,5.677005274741796,16.44702021159432
2000-12-29,-0.5404385831180187,11.474261004422726,6.03264723482723,16.465306972774574
2000-12-30,-0.12373697299278757,11.566748552140838,5.8749961565674855,16.882373962343294
2000-12-31,0.5306325585069431,11.847410925929555,6.707726872427761,16.50424817001017
2001-01-01,0.46163575999404977,10.29582535800186,5.9873339603636175,17.35582839519541
2001-01-02,-1.8761218966445647,9.467635776931965,7.216454902877002,16.541861167087056
2001-01-03,-2.9614255602489754,10.506032946874544,8.692535496895275,16.442742607170143
2001-01-04,-3.0044771792220883,11.302573066880921,9.969583498129223,16.72666132611737
2001-01-05,-3.1227363896749405,11.821303456370266,10.097507756338144,16.668734412832656
2001-01-06,-4.517500763989529,11.173545932592999,10.501035543355675,17.13954674428512
2001-01-07,-2.5656457403429016,11.908946222040212,9.73802816027275,18.68859383508131
2001-01-08,-2.087797130606422,12.988055198403833,10.727071646954863,18.861364814824135
2001-01-09,-1.3314240294155797,13.132836687619221,10.88100207596803,19.947505450420618
2001-01-10,-1.9776888872088265,14.084586863798954,11.278402153418135,20.730853347437424
2001-01-11,-1.2894876820432004,16.515939889634772,11.510043117732584,20.441636392101437
2001-01-12,1.525925425991959,18.719476878199583,13.134371384102769,21.427332717036652
2001-01-13,0.9121421549596297,18.420927736749906,13.73118715343433,20.91252311469443
2001-01-14,0.7892224263785689,18.959694952145256,11.868197445249866,22.36504773659173
2001-01-15,1.0510145902867247,20.27293482738378,11.84587123908936,24.71999286781101
2001-01-16,2.872626278566973,21.295840457985513,10.465094461484881,23.077237512324572
2001-01-17,2.083392839802802,20.617832364343897,11.097810891327546,22.574841027529622
2001-01-18,1.9914818664711669,21.440410349845738,11.73473600974677,22.815926624055088
2001-01-19,2.2678169721857806,22.561707263274275,12.679269433526247,24.003512527722776
2001-01-20,3.4368075425998006,22.443009669423766,13.279339025654174,22.38742426715684
2001-01-21,2.4659167045136474,21.79458871451454,12.043042782131817,22.310317429786764
2001-01-22,2.965960645056161,22.414874514511627,12.323806241878922,20.505878170233583
2001-01-23,3.1563010726811265,23.437847370320366,12.225654249499685,20.80178472885337
2001-01-24,3.657300590639356,23.682867651655577,11.767639529395108,21.38130745911078
2001-01-25,3.4209817689892246,22.935850554981176,10.375963953603609,22.413181658480088
2001-01-26,1.8850816918323603,23.225373867038922,10.594275930037448,22.907836328439693
2001-01-27,0.7998827975384655,23.41472645322753,11.527897542430022,24.049629084046067
2001-01-28,0.4158377032160554,23.97105005602841,10.698870294439654,24.3011920931195
2001-01-29,1.9878638252919385,23.53174250222829,12.227934977058002,25.12851891502728
2001-01-30,2.392289699145875,24.602127316577462,10.781698179770752,23.80495502008183
2001-01-31,1.8872038475524597,24.48605463224544,11.679611375369634,24.366677512420022
2001-02-01,0.6492023281562691,23.999676282629494,10.340286353833497,22.025013337442015
2001-02-02,1.1184328093313067,23.989906236964796,9.33058676376591,22.884700278408296
2001-02-03,3.0942556494760876,23.415013557313184,8.586219190893413,24.10096882504055
2001-02-04,2.946824846209741,22.820834561790594,7.269924816192302,21.814577865402043
2001-02-05,1.6089079478800092,25.291955700481054,6.232069168179971,21.983500726314478
2001-02-06,1.6906111336220728,23.216981687956274,6.4055366248959595,21.11682822150696
2001-02-07,2.179947783694352,23.140623551796,6.607554192665135,21.644315680220497
2001-02-08,2.3439397912384874,22.957128307501428,7.654981295079963,21.38879438091342
2001-02-09,1.9262074048882407,23.964134091218238,7.2764737421238825,21.22826050471316
2001-02-10,1.9312481432982387,23.555611001937418,7.8864133750545635,20.94876230995985
2001-02-11,1.5692997934985606,23.577805659812466,6.902134778258543,22.101601799015235
2001-02-12,2.036174806602578,22.8760886170275,7.36695780383602,22.92914422289253
2001-02-13,2.6099720951101064,21.968349095059647,7.43907903154163,22.57616719814471
2001-02-14,3.912239479899153,22.128664123366782,8.045483154322653,24.514688417696945
2001-02-15,3.9376728868674857,22.468339635464417,8.024489055979997,23.671643172592006
2001-02-16,3.108684617215029,22.124411833111786,8.402782456629904,23.657580116651165
2001-02-17,4.1315640986828015,22.0196755167621,9.671298847425247,23.76538926455557
2001-02-18,3.6804151411269004,23.122343011428292,10.73025148667067,24.767997111277747
2001-02-19,4.215723295630326,23.392361859713724,10.176974220673781,24.56106035684951
2001-02-20,3.4598410226967604,24.246499607807273,9.678706277479684,24.85031405250129
2001-02-21,3.325683604667082,24.106651824077336,9.013149796447648,24.409420313683956
2001-02-22,4.017068051127763,24.440549868684943,8.448892367618338,23.70654830897043
2001-02-23,3.4056382344996186,23.97712892267505,9.723094042827293,23.745468754245117
2001-02-24,4.536937896511946,22.44359471911228,10.764641159420108,22.644247211994944
2001-02-25,5.83680800813563,20.91342215975663,11.228983694459583,23.496961538605202
2001-02-26,7.631856446085102,21.067911979310484,12.656389595657576,22.03551065148096
2001-02-27,6.4158446000339024,19.756733181304412,11.976437288864213,22.904422957318477
2001-02-28,7.760151449480716,18.63392510022036,12.225221721465045,22.115983083282547
2001-03-01,9.086477379257351,19.002426249098384,14.009063367982783,20.56895824295935
2001-03-02,10.317662865013848,20.941307605012433,13.873642322230994,20.071353523740697
2001-03-03,9.546439771598102,20.489664131551233,16.539881791511228,20.78612624640493
2001-03-04,9.440940975477659,19.371691992967335,16.884273048222674,20.28721102171354
2001-03-05,8.720923131416125,21.253092259680844,17.179295805218814,20.172039289708895
2001-03-06,9.264848092105211,22.018896313080365,18.80047999805986,19.946765122338654
2001-03-07,9.844355264982134,22.553183374358447,19.223763114341033,20.15878147409886
2001-03-08,9.020377128942464,21.144820923522655,20.485288733451508,19.999269687186253
2001-03-09,9.199241754547984,23.46980942680434,20.1168453095191,18.454406904173286
2001-03-10,11.625257970684189,23.97440245459514,19.703053665601665,18.391750621174733
2001-03-11,12.7185791317752,23.789761955429025,21.10991843317451,17.66217369202733
2001-03-12,15.017642974862255,25.502745899009085,22.78559392541186,16.774545036334125
2001-03-13,15.964044242323729,26.72391178986872,22.745964777129053,17.17126529158599
2001-03-14,15.49474406588241,26.063070030193348,22.62979376726469,18.27116896132327
2001-03-15,14.97080304276436,25.166165996738936,21.981590889192923,18.773477113583
2001-03-16,14.224155407109395,26.18545123349122,23.242204211206506,18.72248788120339
2001-03-17,14.372170696124453,24.36107725670105,23.741954446772663,17.87432276882775
2001-03-18,14.26365918296706,26.412427558711155,23.017578995525838,19.807327811188227
2001-03-19,14.030639594214703,26.352518701528613,23.09890222906831,20.807835937962096
2001-03-20,15.70225258045901,26.170315202225787,21.314823154322895,21.298825253774748
2001-03-21,15.716306546509228,26.594820378921504,20.961628881270283,22.19060872955397
2001-03-22,16.99906098106873,25.415782248256125,23.527163462849153,23.01164614946857
2001-03-23,17.118406922015225,24.439911126955764,22.708827292444656,23.242930242568658
2001-03-24,17.671774488291977,22.97173797102881,22.474676016888544,24.817776469323054
2001-03-25,17.657437868598453,24.5375036268524,23.84499958850583,24.171528305858853
2001-03-26,15.943310524727774,25.670307315241534,24.48974250999147,25.1371852732804
2001-03-27,16.273854985706798,25.867559085039403,24.46799340593721,25.680308826082307
2001-03-28,16.331946980178135,26.356419255366266,23.918423468526573,27.337432154516183
2001-03-29,15.21498014047372,24.986414684165652,25.507493631097265,28.20905622521789
2001-03-30,15.954567290491593,24.59331403492681,26.81639777704545,27.65556497651157
2001-03-31,14.608875132662982,25.02038430334779,25.080468100001074,27.945836326512858
2001-04-01,14.438151613567056,24.160590150287096,24.87837960867331,28.924209984732382
2001-04-02,14.004762072247884,24.550797876014368,24.77801297065484,30.714437634149114
2001-04-03,13.384515893192894,23.353354373065372,24.19249961449869,31.752915160913272
2001-04-04,13.416718880749471,24.328320137668953,22.459454528115103,30.51497223279982
2001-04-05,10.504637982028886,25.77365897269548,21.057796508246234,28.04410018409696
2001-04-06,7.973769719607238,26.53436967925098,23.617741004099525,29.09129162361179
2001-04-07,7.35357867969427,26.536341970528948,24.172087451389327,30.902998569987954
2001-04-08,5.691608462054028,25.46927463481807,23.997211239569896,30.718821941473667
2001-04-09,6.39235846374141,28.22721246160654,22.739216921979477,31.926645993368364
2001-04-10,4.781328018242994,25.975613711367,22.34225082930424,30.890170304486176
2001-04-11,5.679953704962871,25.860041273533497,22.96449275092947,30.80741522995622
2001-04-12,5.827071420169994,25.235922934476783,23.642592797428126,30.39355756726696
2001-04-13,7.315570429111062,25.13829060940325,24.762038655118626,31.67272218176339
2001-04-14,6.716624744619024,24.571808687941797,25.060711381331227,30.74433315676239
2001-04-15,7.72536233166956,24.797089478097625,25.974845190922675,29.425087024787324
2001-04-16,7.8452308709423555,24.21005556958633,27.306539939265345,29.495803180472834
2001-04-17,7.140133503856576,25.50199261266499,27.83883124757301,30.507667632642935
2001-04-18,8.327698182361353,24.368972505315185,26.680935928759567,30.567688520925053
2001-04-19,7.786497959389628,25.117109384402326,25.435362493889187,31.69358579625192
2001-04-20,6.478621948931696,25.985905230645432,26.736929882100487,32.15341483514419
2001-04-21,6.341166356657657,26.044105559091957,25.267778518953868,31.35738654995144
2001-04-22,7.647100747264837,27.098988771855108,25.272296473642562,32.59448784532717
2001-04-23,9.375588057541778,27.01467776242857,25.649363113007436,33.5583500530278
2001-04-24,9.52718784846887,25.386536458249783,24.707230155512192,34.71090528650191
2001-04-25,8.419068044239703,25.830982391297095,24.85794385232806,35.4240949464779
2001-04-26,8.691735887238126,26.48586806240101,24.958007277052456,36.00565348816656
2001-04-27,8.134012829170699,27.609805754628596,23.805472361097788,37.41141282235977
2001-04-28,9.510085834751127,29.639578172127568,23.113444525280542,36.364521761073405
2001-04-29,7.711132415583255,30.832571455328882,23.49233100942616,36.25874521239911
2001-04-30,7.85501391689369,31.435253950302087,23.033982673496382,35.02853347506601
2001-05-01,5.9954150573670075,31.25656922163555,22.717983296724217,34.183816273469446
2001-05-02,7.017309945157006,31.66559234294857,21.864415017534693,34.489607937556116
2001-05-03,7.207294856092489,31.739010049482204,20.161317463316124,35.484797685435375
2001-05-04,8.030640596387464,32.140980650516276,18.871103389402837,35.25879744455935
2001-05-05,8.417254957487586,33.05792627124749,19.15603696364323,33.81700648923662
2001-05-06,8.375166201847831,31.615558331945028,20.274909210385204,34.696912983685465
2001-05-07,8.877501150049,31.893936692589584,20.475588577083286,35.486276986894275
2001-05-08,8.443796571766434,30.601724957541517,21.199681108914017,35.17323242296217
2001-05-09,8.576333435552442,30.28287053207055,21.605555863300015,34.198572993237185
2001-05-10,10.128286014273863,28.594264541074956,19.538148520734282,32.92788475233904
2001-05-11,10.743538643909368,27.496554997253448,19.20431687947692,32.26735628426694
2001-05-12,9.701560935030345,26.441581722381947,19.01134849446956,33.152620698409706
2001-05-13,10.576696641398888,24.603535851318174,17.517754683268233,33.28376810333266
2001-05-14,10.72064978689755,24.167173327191932,17.07080086752179,32.31046735291654
2001-05-15,10.259285715632293,23.18650118379124,16.303253513002858,31.578232734126267
2001-05-16,11.485853691533038,22.638606709450187,15.489752956970271,32.83284147845204
2001-05-17,12.010525881439623,22.94344495891048,15.527016585166173,31.90837149654602
2001-05-18,9.592097950495134,22.44850862496999,14.924941608508663,30.87122348379733
2001-05-19,7.642354742013443,21.40632118423002,13.650755511347565,30.64654177083236
2001-05-20,8.46782433294689,21.199504067964288,12.784493399244814,31.132218828338747
2001-05-21,8.491468946124607,20.216668402478042,11.757407558958931,31.162708861754524
2001-05-22,8.381340118404383,20.56329502071992,12.090843830097011,29.98182660628261
2001-05-23,8.006448664392058,18.59984993245577,9.586254614773894,29.769690183676587
2001-05-24,10.17700549569715,16.98501565030118,9.75006480305976,30.24067052930771
2001-05-25,11.27097129014306,18.43928452508551,7.439237660801538,31.12062662349306
2001-05-26,10.546566035831056,19.312670627658097,7.587431853848759,33.04054084219935
2001-05-27,10.762944169386268,19.873645398831258,7.849485603257443,34.11325853215045
2001-05-28,11.624502435639396,20.148958300311442,8.25344953575629,31.447748794665994
2001-05-29,12.753367563562117,20.78622263408387,6.491996131436663,31.615305158345965
2001-05-30,11.877329867510056,21.56965993387334,6.6426187807166714,33.80902796705292
2001-05-31,11.383104734061973,20.20844274228406,7.135265110104832,34.10345083111615
2001-06-01,11.713364985287464,19.713598360554542,8.170208668185301,34.39652864938849
2001-06-02,11.929147507310715,19.155833535381117,7.681061242796502,35.292460652424495
2001-06-03,12.401600545224355,20.38670103564523,7.382505368496287,35.460117929424015
2001-06-04,12.956015144617137,22.052699825941787,7.930651542393021,35.445707964273474
2001-06-05,12.3261399858913,20.279912106901946,6.862459841679661,35.6605412269546
2001-06-06,12.853642379153793,22.196903153163866,6.7561701812055395,35.561092042964106
2001-06-07,11.872239350060946,21.608542898795594,7.267453911853947,34.51933963565812
2001-06-08,12.105631258374288,20.30133676794461,5.968550944953535,33.59605646915939
2001-06-09,12.160495404885957,21.02283556834182,6.238895412437324,35.81713565792904
2001-06-10,11.56223964908235,19.813631053442908,7.4339408752041205,34.8735896220041
2001-06-11,13.92235755877379,20.71854342553057,7.82449342708962,33.99309840405328
2001-06-12,14.282267943654393,21.985720817217175,7.695556856656194,35.518505365352986
2001-06-13,13.785593642115622,22.23222883989078,6.9302697624919505,35.24138205121319
2001-06-14,13.44154726875188,22.85919754552599,7.43180243343804,35.64905575282487
2001-06-15,12.826089036375675,22.45446597738945,6.249145722113611,36.826663945864546
2001-06-16,13.081593695248467,22.475287222501628,7.465705912388008,37.4982437768398
2001-06-17,11.86141418678249,23.449100404590812,6.2663274243275815,36.18301534977308
2001-06-18,13.426081701880365,23.928920391862235,5.8613037552846805,35.74214736214109
2001-06-19,13.785355194629041,23.85198814665988,5.624829640226874,34.112959406723235
2001-06-20,12.12774917098578,23.92692569319115,5.454929943810046,33.724501823643806
2001-06-21,11.704096452131076,23.82757759861794,5.952511715539087,34.917136179768335
2001-06-22,11.21650193343261,24.209123091259755,7.560072817634854,34.047290145769885
2001-06-23,11.503409490626014,24.190543962397232,7.589752329174777,32.373387014334156
2001-06-24,12.04416384331481,23.5418365172669,8.664793435774214,32.13460588601873
2001-06-25,11.532769357020396,22.62207722181736,8.255436450092773,32.74423440455175
2001-06-26,11.931356825293227,22.66960395286649,9.103671601954648,33.50593586838738
2001-06-27,13.562601894747718,22.161962658273445,9.42046000898289,34.16099064263618
2001-06-28,14.079633711649091,22.672550306335364,9.876106899721838,35.3757920738102
2001-06-29,14.722529468614125,23.532659537225356,10.17613171791332,35.830990737679876
2001-06-30,15.141738373505461,24.04320289320165,9.779372802491977,35.9593260869308
2001-07-01,13.506503935455598,21.92763009104399,10.61214407093002,36.72493811681408
2001-07-02,14.184535462903987,20.449705999181912,11.712240830580237,36.69041847948747
2001-07-03,15.911721123842844,21.634037065000815,12.621241447404795,36.696088729853116
2001-07-04,17.741437416645773,22.792873237746697,12.377340820933709,35.79481465051793
2001-07-05,17.758751175649824,23.469308063521282,10.718002815820416,36.33239370919881
2001-07-06,17.730467518425275,23.790164669466094,9.235200885340943,35.17215315704678
2001-07-07,19.360544349830768,23.732239502940846,8.931102757984897,35.541954557646314
2001-07-08,19.267547234395966,24.052832629818145,9.74885124570486,36.47048098253258
2001-07-09,19.410645225519882,23.488996373081935,8.741317421344508,36.52438068483936
2001-07-10,19.00091380956464,24.24516615688511,9.267292076062104,36.41630139095046
2001-07-11,20.761709033359544,23.170592342799125,8.663440305027644,38.288453450453304
2001-07-12,20.629249438159697,24.772348820414106,8.126495888843271,38.643454765675266
2001-07-13,20.730301240315615,25.553922109334888,7.751958460399922,38.98699720905902
2001-07-14,22.47868026223562,26.29037512019807,8.538107129649703,39.64174672300178
2001-07-15,23.52609810410276,26.452632100880663,8.593714667373142,38.68505547757829
2001-07-16,23.65650318401458,27.723595597755203,7.171859978709554,37.32789840846806
2001-07-17,25.087710682965504,27.36804172848181,6.481081623194263,36.832708370563395
2001-07-18,23.790358331660656,26.733391153880888,6.004756154001589,35.247681732874796
2001-07-19,25.513022605262577,26.02952376299289,4.997664529450963,34.527336400490356
2001-07-20,25.3171535632836,27.856230285249218,5.820980981423386,34.79703452424002
2001-07-21,23.757056108667395,27.98401786884075,5.556115311010003,35.291140565676436
2001-07-22,26.250979028963272,26.46725990054357,6.596991962165338,34.59385182416252
2001-07-23,27.20699561836895,25.804867839894587,6.006644242149291,33.900114702143966
2001-07-24,24.90695150511019,25.29796260262054,4.502100976890456,34.421905294293566
2001-07-25,23.737865772213727,25.33590629729866,4.678972433617698,35.20564374486304
2001-07-26,23.323548660202782,26.588879917626475,4.655288201088901,35.92080064730044
2001-07-27,20.91997529362064,26.989416942988793,5.577414751568199,36.76073915181426
2001-07-28,21.610236909407046,27.91998076748057,6.398249715197086,38.21247421838384
2001-07-29,20.996555432674608,25.135142782154965,7.147444089911447,39.24932621587511
2001-07-30,21.06821506775719,25.12368086893741,5.672536866818342,39.452570458243294
2001-07-31,20.215241205741965,28.07017535998888,5.646997571179594,38.43818515884001
2001-08-01,20.145006973006485,26.904458160199006,4.7671689641951,38.34572461374565
2001-08-02,18.99172572714242,27.77668622066776,5.57740853909929,37.94352469471739
2001-08-03,19.28448819290722,28.578922084652465,3.518429848086669,37.67392316148097
2001-08-04,18.154041354871158,29.228141092546448,3.8047134639053763,37.47821306713331
2001-08-05,19.30569872454553,30.233462356566324,3.4470489102719526,39.269787842970246
2001-08-06,18.028395484513865,32.215033074809384,2.5922461634855973,37.69613185879027
2001-08-07,18.014248519165985,31.65871482487706,2.867776748265379,39.66229830441746
2001-08-08,17.85419368283965,30.616352095642196,5.026165732098715,37.070052068640955
2001-08-09,16.80166924867234,29.863034634100693,5.635968228470537,37.93975593673144
2001-08-10,17.61019015428796,29.856106589172978,7.446313370706503,37.08185235613711
2001-08-11,17.179613007009753,27.891985152506006,8.564259881758906,36.20176635982184
2001-08-12,19.197913083582925,27.354688669809082,8.387645503050475,36.6781771541026
2001-08-13,19.667425599590302,26.372682308014028,8.143394216382733,37.53527401820847
2001-08-14,20.9198967000679,27.235186090474993,6.539284212448997,38.387064946589824
2001-08-15,21.419954386253032,26.48874709954794,7.260406663659968,37.3741950656371
2001-08-16,20.240910489807597,25.32538327125881,7.844536321146414,37.77603781150786
2001-08-17,21.129085774869143,24.530993047431675,8.283986002733217,37.03249655964653
2001-08-18,19.520372047463496,23.995008457297942,6.1678240769407235,36.57205125594574
2001-08-19,19.000057437676556,23.648941438743577,6.757022157207079,34.21692442619615
2001-08-20,19.414500396559816,23.7710421069483,6.406827848151133,32.72819432367659
2001-08-21,18.573586896867724,23.904511519460986,7.641745824617473,31.505556633402673
2001-08-22,19.49199328525976,23.50492699073344,8.169157074265476,32.1047564526622
2001-08-23,18.85969228956242,23.20523857222725,6.001547678796482,33.01147855163699
2001-08-24,18.118339517792652,23.476645307084038,6.151020218875022,33.55935518143924
2001-08-25,19.09143328351816,22.909912013498076,7.620322922011944,32.79163480813049
2001-08-26,17.477948176102498,22.884231688120412,7.461091871350703,33.328439052106944
2001-08-27,16.278607717038437,21.85345665490306,6.71371998656538,33.87054224358436
2001-08-28,14.4175117193111,23.278262143080397,6.050408334604527,33.709510379223005
2001-08-29,12.24779952796728,24.15937251146306,6.362258152177427,31.7428767764468
2001-08-30,12.16025410526529,24.652529673048203,6.392929797622679,30.788704441572055
2001-08-31,12.000851183921649,24.32945664603879,4.852843914016734,31.658521100538255
2001-09-01,13.028058489670679,24.26350489226373,5.178480223972916,30.561631737962426
2001-09-02,12.12112134726933,22.3719367939883,6.128726409009642,30.974844285617863
2001-09-03,11.020087422651674,20.786297324765115,6.027821279716156,29.516455010060312
2001-09-04,12.656499263925575,19.877820588158094,5.917873942106653,28.696247704147364
2001-09-05,11.915403339055159,19.726489352289374,6.68458039525118,28.867160808052905
2001-09-06,9.94590282363308,19.323249833612216,7.1259956911699005,28.92108580551464
2001-09-07,11.56843505679118,21.025797717955896,6.513933393403249,28.275068368892885
2001-09-08,10.36878028604046,22.623791241492412,7.378654667570167,29.914178588091588
2001-09-09,9.745234929162537,22.346967924226995,7.505310785214155,28.755489792089673
2001-09-10,10.516121904600695,21.98673107474167,5.746908733145652,28.557002966604834
2001-09-11,9.812912702129886,22.4884519769866,4.771903270294455,27.74904157031833
2001-09-12,10.405278558876635,20.975012612155766,4.370586502776351,28.59176378124101
2001-09-13,11.62160176085735,21.015781986469786,3.8859440668237113,27.731505297942206
2001-09-14,11.204048663501426,20.671298110733012,4.294031760977087,27.57084706028418
2001-09-15,10.950699271220236,21.06026609601897,7.468636903775945,26.253467759497873
2001-09-16,11.719525025145236,22.136211998213607,7.864144326855318,26.53808503126867
2001-09-17,9.610009014576166,23.07779396934253,6.29666851306646,27.746244315358517
2001-09-18,10.438983558326306,22.494001726722455,5.035161677168824,27.788845957901863
2001-09-19,9.435882324947098,23.83298698350745,4.689894197365946,29.59059480499174
2001-09-20,10.188518476594464,23.45408345384716,4.97795112460294,29.48277744811174
2001-09-21,11.925467746416901,23.887020732879577,5.495445685438369,28.95615097935226
2001-09-22,12.069700275877123,23.386574368392015,4.207941366019934,29.222626873237726
2001-09-23,10.814652333411109,25.683580518469384,1.932350151734811,30.63931308362651
2001-09-24,11.246104398456307,26.4842012465186,2.3085562754838254,30.35709326013916
2001-09-25,8.466300910888984,28.086464056596885,2.9966165900873936,30.15841254204177
2001-09-26,10.012734040866842,29.138648884676112,2.662425496203186,31.612975719668505
2001-09-27,9.887805619559742,28.491615016477695,3.484384207926533,32.03651593433766
2001-09-28,10.74849715746762,28.534324876574107,1.6746820759951806,31.94805050243552
2001-09-29,9.834443525321278,30.113663473651794,3.8043489788218423,31.483126191563585
2001-09-30,11.624651879125459,30.614238269805142,3.1270345547326697,32.494762196695724
2001-10-01,12.773593982876328,30.53836581507476,3.488885254723135,32.35041970622943
2001-10-02,13.130273434307469,30.40341447841044,3.82883521149772,32.08663883828047
2001-10-03,13.80527602890188,29.83103620042692,4.351148967325733,31.9579022556773
2001-10-04,13.925491713475365,29.927265217459933,3.4070675160767614,32.979377974158126
2001-10-05,14.110589263344156,29.127546576368896,4.2123059184465275,34.01231056115985
2001-10-06,16.010961465289284,30.55169105451836,5.008493316157528,34.47385987050053
2001-10-07,16.672768159804715,30.641573060160816,3.0866236973156536,34.94479063063222
2001-10-08,17.282478360813734,29.93137093829015,3.4474655326780312,36.638900920876445
2001-10-09,16.62890409942298,30.76517279698766,4.130273464517883,35.97072887223093
2001-10-10,17.00556006552084,30.198096453104846,5.092391126064559,34.79280685506514
2001-10-11,17.181393802076723,30.252236593698132,5.594239867726015,34.82136585178461
2001-10-12,17.8712138483509,29.389276279489152,3.57259172073251,35.157921015718614
2001-10-13,16.921829490064795,29.84713169908922,3.80187665508297,34.543841979952745
2001-10-14,16.6396790467779,30.06414758480609,1.5068373396312582,34.05524358511402
2001-10-15,16.792676480992707,30.559893328079298,1.0572752077891066,34.72423734204016
2001-10-16,18.236231063481025,32.06243109604544,2.414541237041702,33.23737879178187
2001-10-17,17.375875243085876,31.127079451192596,2.173128166633926,34.45209881636117
2001-10-18,17.481903939233355,30.528039531109094,3.826289582682951,34.99610589300088
2001-10-19,17.988722987763506,28.966310398484687,3.252024787903257,34.506450799486565
2001-10-20,17.868713886240766,27.629493338129752,3.25909357588482,35.59902047834422
2001-10-21,17.527948559501535,28.508810394894294,4.806476949604908,33.138438069936655
2001-10-22,16.10140805596119,28.758544772382237,3.987372484098349,33.60220331966544
2001-10-23,14.327021562026207,27.574177241381836,2.9735592047035064,32.61229482509789
2001-10-24,15.634481359748884,26.070993113806125,2.4268106001360286,32.75639288898562
2001-10-25,16.124482339301245,25.71202348607839,3.0928672847130736,33.708200523348665
2001-10-26,15.910141037796437,25.866020032253136,3.9474616418581236,33.519979098003425
2001-10-27,16.544561346193355,25.69635861160945,3.4451848715777085,33.753504811783266
2001-10-28,18.03777176060498,23.376826299264813,2.7451582577050226,33.33620578809721
2001-10-29,18.77659720339491,22.715184562393183,2.494815481799868,34.43369645081394
2001-10-30,18.54942974708261,21.663846804938686,2.7346503416082,36.529415380526835
2001-10-31,17.946548497506036,21.51206178141872,1.2124755969452932,37.94144674699158
2001-11-01,19.626182775405162,22.20094579241249,1.2482189530190684,38.170395445111836
2001-11-02,20.012122714117886,22.81881055835656,3.1205802295808374,37.4537345136995
2001-11-03,19.226144860833685,22.111519264522368,4.410517886999652,36.32899820044214
2001-11-04,19.50883307826124,22.121729112237645,2.8345593729947756,38.122294522184866
2001-11-05,19.747580186024752,21.42589614714583,1.7940072467821304,39.1068944726206
2001-11-06,19.708578650244487,20.802118454609495,2.27573134709538,38.01653699675405
2001-11-07,18.757422413431907,21.38306920316555,-0.04686544958874306,39.12918824380925
2001-11-08,18.06744115338714,19.841219879535384,0.8818795130220716,39.58110411290942
2001-11-09,20.574813457455832,19.862023089000456,0.704684884436167,40.69138420453238
2001-11-10,21.272722682246307,18.324191953272695,0.5667164115832747,41.98226477524607
2001-11-11,21.757071960402445,19.251747114032803,0.011665959175309437,42.93285875231061
2001-11-12,20.588647918856385,20.906014485475424,-0.27905270885756933,43.19244358244229
2001-11-13,19.857441840932506,21.244548175116407,-1.2201689737711583,46.06674546183591
2001-11-14,19.298285342482487,21.41840167848199,-1.30929142148464,45.7199714815593
2001-11-15,17.971446122848047,21.824493859229037,-2.8159045268706757,43.81173828216246
2001-11-16,19.42795512418572,22.19792459919966,-2.510979377558083,43.20995372982212
2001-11-17,19.679358724060997,21.37061184785955,-2.132001839007012,43.08691909563584
2001-11-18,20.686670677041846,21.63233927604289,-2.1804950039717332,43.89504725953005
2001-11-19,20.62624867001568,21.811741231665597,-1.7054412340881766,44.28297260307508
2001-11-20,20.19426003703312,19.370363560486652,-1.2036724552746456,45.03219783361209
2001-11-21,21.109305367204247,18.658571106774477,0.7017045832962931,44.202094242645245
2001-11-22,20.220895857502562,17.38388191962611,0.43382346870072475,44.74350310503116
2001-11-23,19.54561786372089,17.057554382463696,1.168881181716055,44.787736441177636
2001-11-24,20.0806224190531,17.30832043812554,2.6415804353151358,44.506124730262606
2001-11-25,19.22549569324636,18.529704114220102,4.796177084072095,45.184045651737044
2001-11-26,19.756220058092143,19.653549590913293,5.312124041814453,45.83953963751388
2001-11-27,18.700769888901178,20.59057257246504,5.32001611091675,46.19975777689329
2001-11-28,18.36816439518126,20.71769724250771,6.794472272220879,45.08906471804446
2001-11-29,18.82905031201125,20.637746153812998,8.269434540898791,45.63240335184176
2001-11-30,19.502818040818255,20.611078237043927,9.963785277722113,45.776554712829885
2001-12-01,18.559487714972825,20.243010809005845,11.852337294653509,45.32259601113356
2001-12-02,19.70075030891923,21.344597162719136,10.07500674524252,45.28557358198275
2001-12-03,19.4144434623973,19.901948577054277,11.091026864703126,46.81224665923966
2001-12-04,19.411349164974062,19.560069534954376,9.90867866129828,47.82583390560376
2001-12-05,20.033997046044874,18.31718231912803,8.947511169085802,47.559705641963355
2001-12-06,19.772395399610577,20.09953268905032,9.360682275110586,46.193611129884225
2001-12-07,21.17985724917135,20.143629779891626,9.78442297881325,47.655511362063635
2001-12-08,22.033785874671658,20.748585927357194,9.7038981726756,46.8788494610446
2001-12-09,22.16502734915171,21.843407744260897,9.401179363757233,46.56118561446087
2001-12-10,22.794020818675918,22.2642402036863,8.784184475596991,47.94074909776488
2001-12-11,22.475183105209005,21.794244525521663,7.199482630031098,49.05541881349586
2001-12-12,22.781380873144872,19.619750775311275,6.3376832189978,49.481190588595574
2001-12-13,23.768109926216347,18.708956933296488,6.051821480405169,47.3992387931806
2001-12-14,24.91881222892381,17.93053638488236,4.7018827797993845,48.99138186162762
2001-12-15,24.59308735879608,18.93484872685727,3.8956688716128864,49.20244111581024
2001-12-16,25.57362001350445,18.229549736820324,3.1936250176811067,49.630173929336976
2001-12-17,26.672781371443286,17.445849846764343,1.4924870198300457,51.007478176424016
2001-12-18,25.316672495914702,17.024723002047942,2.228213358153015,50.55235996719583
2001-12-19,26.907372876889983,16.389246950982475,2.4485940404440933,50.1937689894158
2001-12-20,26.926399308150675,18.734437119247403,2.5079822469341946,49.67777894507282
2001-12-21,26.599103704208574,21.178207334392493,3.4157439425363343,49.103463059448494
2001-12-22,26.45941205091495,22.359652520071275,2.6181845314607948,49.51859338554843
2001-12-23,26.76457752539966,24.144759069800248,3.3471242385665394,49.69519179086102
2001-12-24,26.20218335726798,24.09132512861403,2.7770558529403035,47.836334298173384
2001-12-25,26.724273245875402,25.126297021246007,3.7505998810053525,48.321242529432105
2001-12-26,26.215176542691346,25.47357529499502,4.0119717461573705,46.4483677486969
2001-12-27,26.109398689835338,27.06948159983667,3.1354128728022723,45.93560831932866
2001-12-28,23.77967577685869,27.790795171604756,3.1956211204360767,46.595692027465766
2001-12-29,22.936687010202135,26.981628260325312,3.593248285153512,46.835465528464084
2001-12-30,22.740122143673908,26.53300703085993,3.197498993125116,47.36554641592735
2001-12-31,22.541347260964148,26.814295977120963,3.075579150771824,46.67018169319279
2002-01-01,23.147771555214117,26.37026476388169,3.5178463490289396,46.34281751945854
2002-01-02,22.040291199046482,27.20190046197062,4.3423492798996515,47.63640474687812
2002-01-03,22.53633585487949,26.827767188064275,4.764401388412893,47.30031762008339
2002-01-04,23.10320616554578,27.436640964269987,5.1161181102069655,48.96578204818967
2002-01-05,22.788696375845298,27.714922001851605,4.397655945895369,46.815212569264546
2002-01-06,22.168840354147836,27.542445080474085,4.516535881324675,47.45061841107716
2002-01-07,22.111659294028605,27.25948404725029,3.8083816433724285,48.760661574032405
2002-01-08,21.97314867887116,29.302675623530853,3.4977865376933646,48.09789395035612
2002-01-09,21.03891232852996,29.295319508869795,3.7525079876471343,50.17028258468709
2002-01-10,21.272692919874213,28.6668729887051,4.0562777509024475,50.88973856121759
2002-01-11,20.54533927657758,30.1585675179013,3.498114552449922,49.71498113780499
2002-01-12,22.11672671069962,29.832130264024578,3.5067673968475193,50.30260953399309
2002-01-13,21.02471871104388,29.02508376976149,3.364610610770098,47.64579676346534
2002-01-14,19.74234155920122,28.28205946467128,3.0444450155902576,47.63530026422552
2002-01-15,20.305890462689128,27.871585746946973,3.3772383383179276,48.00750908085043
2002-01-16,21.264317842303843,26.73904289689302,5.14404342337197,47.35712174800731
2002-01-17,21.123681220104075,26.159955888267962,5.278687994816708,48.08538373806791
2002-01-18,21.347533329847153,25.92403316373758,6.400060102099141,48.14886882911835
2002-01-19,23.253159473079556,24.58266065713979,6.037271615136965,48.67301930601511
2002-01-20,24.027412538207493,24.444339901185113,6.7733934873587645,47.726835340743385
2002-01-21,25.68055630589038,24.611974739170474,7.327745873323909,47.128069005455096
2002-01-22,24.865394813470267,24.128474293600497,7.7584669313935315,46.108572694090576
2002-01-23,25.58852269437959,24.159110945705834,6.836950089356254,44.968163701097346
2002-01-24,25.674382065810093,24.254536708066336,6.032943426876345,44.99416307882113
2002-01-25,26.13263554362961,23.028219490454774,6.287789064092138,45.0708315723559
2002-01-26,25.141751600298974,22.634946483552106,5.8068249615067735,45.36875588183069
2002-01-27,24.50432786023004,21.424247657055673,5.179701052425544,46.86569720819773
2002-01-28,22.824995174475852,21.094249434938764,4.396997370592423,44.564402131594974
2002-01-29,23.89950908234214,22.538617754454087,4.206186783894411,45.55099340414137
2002-01-30,23.34026440723325,21.751208602933875,3.944339110778807,45.177527351300434
2002-01-31,22.690177383387837,21.147640022113915,4.767575450497611,45.33247108065918
2002-02-01,21.811898139126725,20.519869922362815,4.879699562046714,44.619266744366115
2002-02-02,22.271867381982037,20.75257279574181,3.6092320746557727,44.84615332574733
2002-02-03,20.303134924696117,20.51221943953214,2.792121066280289,45.89124381462572
2002-02-04,20.063137469649007,19.712452185879336,1.980952934758562,47.535195630736034
2002-02-05,21.10018310296279,19.497752273595626,3.418861321281433,47.666821432568725
2002-02-06,19.762485299207334,19.892532359998413,2.5465489493143227,48.85631129804467
2002-02-07,22.612100455502198,20.822783355689236,2.3655038921295954,49.9569533203438
2002-02-08,23.205363911673462,21.844570160301206,2.1294510160307487,50.12561438718235
2002-02-09,23.65267893427378,20.66997522747908,4.457553505746969,51.54609956806162
2002-02-10,22.14090869523816,20.813200173456483,4.839595272272764,51.920953151479836
2002-02-11,21.317338723430048,21.03418139555986,3.1535553794706357,53.7681897081322
2002-02-12,22.196993200812123,21.641169487341685,3.837468468638785,53.25190933176907
2002-02-13,21.943353017971322,21.92937227137426,4.597136108169508,53.96364312572987
2002-02-14,22.966432331505207,20.83617276403997,5.220987183069064,54.555122826331065
2002-02-15,23.9074634110172,19.822285691305296,7.3961792726683555,53.287101972124006
2002-02-16,21.890375031432246,18.706230103329027,8.47735065158357,53.9898737132319
2002-02-17,21.838626475900483,18.86961633991594,7.0224059764191615,54.92714685627934
2002-02-18,23.171655064637765,19.17768047529244,7.147441537972674,52.97818555083147
2002-02-19,22.268154491898034,18.47176559751171,8.585477540175036,52.64638334737792
2002-02-20,21.948267094288898,19.027830930872902,8.9679825315525,53.1984355841606
2002-02-21,21.34739406655198,18.63937256200294,8.816556698626094,53.48531448138636
2002-02-22,22.002766734538397,18.65001934255744,8.561278623298788,55.329602058614554
2002-02-23,20.71744357609307,17.965882370290384,8.761171938408005,55.677273963461886
2002-02-24,20.372495076273424,17.801579712955917,9.493839924687009,55.2692316818708
2002-02-25,19.674521194759855,19.243400861308288,10.869281539282527,53.34972835283571
2002-02-26,18.219925417963932,20.308659245959504,10.503401605767976,52.98689353796544
2002-02-27,17.89196397499068,18.903053243075096,9.631428233039975,53.1350969466045
2002-02-28,16.861377748845435,18.20464940901551,9.925718479457272,53.46346758272384
2002-03-01,17.247223439332938,18.31454877477085,9.414037005373874,53.523956588996604
2002-03-02,15.666885573546697,17.719924461833784,10.367043066270027,54.208091230748686
2002-03-03,15.041644881811008,17.21785399165075,9.44680272361013,54.048702116442634
2002-03-04,15.692420707270347,17.686231084633473,9.655896394318793,54.48418722248259
2002-03-05,15.013730298258231,17.36856061005564,10.907624618745283,55.830945277171885
2002-03-06,15.279943866576085,18.031626658875744,9.909171757709148,56.91320640109047
2002-03-07,16.0043144827884,17.108165857237708,10.349807258643851,58.35549225317586
2002-03-08,15.894519375416841,17.29551902606332,11.377275318003518,57.82782894343652
2002-03-09,16.668172705333387,17.152886369743715,11.374055975273302,59.339231088731076
2002-03-10,17.06398748396871,17.559534048954333,10.296121447057256,59.069681478354454
2002-03-11,15.690282483104006,17.685295069985543,11.51825968468575,59.448616404691066
2002-03-12,15.287658155652077,18.479516920356623,12.001869759994143,59.46016818862804
2002-03-13,14.571213804221513,17.490026124825967,12.282337507550888,59.17602529382385
2002-03-14,13.731579933563646,17.04926830648516,13.894016279394034,57.20202592067876
2002-03-15,12.539314809351513,18.324501714824702,14.013816181240543,58.673352017902225
2002-03-16,10.765038016596693,17.771687711039185,13.393011921038791,59.453612747325764
2002-03-17,10.950873960468094,18.00989938965757,13.76050071123344,57.25354768205123
2002-03-18,10.157816996934564,20.657717620703934,15.676952774888843,56.829870977346545
2002-03-19,8.791044113509484,19.51300550060858,16.886126705164635,57.31514508105125
2002-03-20,7.762896195569657,19.172476762158915,19.446749481615882,58.585519658772924
2002-03-21,5.186161552525984,20.684619274169382,20.58112526856871,59.55531673649301
2002-03-22,4.204492263335034,20.815470585786432,19.774836164698648,62.242671408187874
2002-03-23,4.640342302402129,20.139161880856022,20.20394079558622,62.73128195808165
2002-03-24,5.0189352928909585,20.805995048180684,20.361068533977388,62.9528853479278
2002-03-25,4.646083619501143,19.60659876092234,20.373675365269392,64.23145775417689
2002-03-26,2.1764162103052107,20.754104455567315,19.754091944174068,63.99935783139096
2002-03-27,2.6038957008909187,21.005107081647296,18.504991586914088,64.0324649623902
2002-03-28,2.7347666833728557,21.806483400187833,18.831287326188253,60.74071269398002
2002-03-29,4.174718877455396,21.601533224224852,19.519845920527256,60.97171001563288
2002-03-30,3.9676293003717955,22.17376963586733,20.772791900498603,62.41394320546158
2002-03-31,4.326578410008334,21.4580505330474,21.788959856542508,62.15388932124388
2002-04-01,3.4113066369203673,21.234870953924087,21.689734055031288,60.65932219827943
2002-04-02,4.014183495052175,21.949056554875373,20.651674804800937,59.862448238334224
2002-04-03,3.084030093350085,22.077528419174016,20.8710198487574,60.595052368780145
2002-04-04,2.657118187800414,22.680749985964567,20.426538271152374,60.78798238452883
2002-04-05,1.632720102207323,20.625837841622545,20.47401598715392,62.10156461269552
2002-04-06,0.9327857743286654,17.972084257358397,20.45666824575109,61.88810263634205
2002-04-07,1.8918897612418917,16.62197427517309,21.15815067214585,61.236305652192364
2002-04-08,2.712707307939202,16.259634321264866,21.709284035278127,60.1136008480305
2002-04-09,2.6927845464225766,16.13260861750195,21.179612762226075,59.30264969608136
2002-04-10,2.7342107223360714,15.689305364872448,22.262705042804466,59.04142622130214
2002-04-11,3.5137037203334227,17.354722940083164,23.74801684456708,58.948509597920115
2002-04-12,4.510596222482259,16.322433479278303,24.082871682155588,60.590365963783086
2002-04-13,2.7526223094361706,17.20480496773542,24.09200304636016,60.356224974504435
2002-04-14,3.0737225471527836,17.840553895347778,23.8139350868891,62.21031298349246
2002-04-15,1.549307028994748,18.12651748700224,23.468688584287516,62.19313934105847
2002-04-16,-0.30737922011597174,18.285305267311553,24.319489866749358,61.822586093681224
2002-04-17,-0.3464257171995986,18.55844161137153,26.578221217341127,60.85778636390176
2002-04-18,-2.13848041442935,18.16066064277287,26.57976178423794,61.00252438617704
2002-04-19,-2.520997827302775,19.203746734620204,27.42724771864109,61.27900543590268
2002-04-20,-4.945497132938098,19.773580696346308,27.145927622621834,62.41622818633255
2002-04-21,-2.557646478240349,19.178423912916312,27.725932564799635,62.26850398668034
2002-04-22,-2.842738373525415,17.818212045766032,27.651606664378527,62.69920548941244
2002-04-23,-3.6996034676678526,17.543998022871335,28.541696590925664,62.82893564230379
2002-04-24,-3.498035183282078,17.772804058764134,28.454690019432153,63.25946498465348
2002-04-25,-4.3444836484326,18.119661303729927,28.092691714473883,63.0385443051367
2002-04-26,-5.8147208578149545,18.165331704722604,28.142738543149157,62.09451095972676
2002-04-27,-5.186776699655983,19.687189832421755,26.489842189648787,62.75530123774644
2002-04-28,-5.418547846416372,18.814962234126373,25.678409780250018,63.958089310721746
2002-04-29,-3.533590734172037,19.051714503302964,25.003163465378506,64.29196419033497
2002-04-30,-3.2328257371141813,18.461859328414764,24.91723240585623,64.73741354180198
2002-05-01,-3.886213752578109,19.09685239546053,26.27482471437418,62.51458739424856
2002-05-02,-3.2646088052857865,19.87724495666994,26.700010265156116,60.61665972605861
2002-05-03,-2.980269323368804,18.576427543040605,25.506607508498217,62.46124069003062
2002-05-04,-3.058264871945438,19.297862536104113,23.447742462812958,63.975013985910614
2002-05-05,-2.1980643387400223,19.73543445321701,22.410256035463128,65.37523272836513
2002-05-06,-1.3596452159360577,20.607922615085897,22.87757048866746,64.73032786064736
2002-05-07,0.07081815508801026,19.258101679401207,22.73007378148693,65.8620723553268
2002-05-08,0.25578382506060016,18.45033929138217,22.682054960965292,66.19042421828706
2002-05-09,0.5228679860853279,19.3278397633218,21.39783013945246,65.6564235310655
2002-05-10,-0.029935757182016465,19.38855166606737,22.451945515114666,65.87308886226742
2002-05-11,0.6650787079535775,17.5468278814515,23.537558323089083,66.43611897645665
2002-05-12,1.3728646832653861,17.569445406603247,23.221923691272362,66.93329853661108
2002-05-13,1.7880012359309838,17.752628785061294,22.47364491784324,65.97490122222673
2002-05-14,2.4759167971136784,18.734565862804292,22.105503980532127,65.59382947205503
2002-05-15,1.7811841089330493,16.796924863413704,22.788792469988643,65.59320645481768
2002-05-16,0.9859402424927304,16.88645470865821,21.4844299737168,64.90881228503514
2002-05-17,1.17161093849148,18.45554435870642,21.467356483952663,64.78951921461511
2002-05-18,2.0960287475514776,18.263085003433464,21.649307265568456,65.12410538324451
2002-05-19,1.214288187806554,18.480796443309398,20.663234171353892,65.37032757878481
2002-05-20,1.3022822810360775,18.794767571252056,20.495140513618534,65.63817437593023
2002-05-21,2.062267130943458,18.149412734728543,20.091637783358777,66.45049818962035
2002-05-22,1.8223571008593729,19.10628503047874,20.375144927338724,64.14893095144438
2002-05-23,1.458370990156592,19.599010035335247,22.24558439144118,62.69087799717038
2002-05-24,1.5199795119078106,18.49124288459578,22.74801266428647,62.878673550395
2002-05-25,1.9743949840851642,17.666505939861125,20.935187551805445,62.22617454226259
2002-05-26,2.192763837377313,16.81195336626327,20.738867327132482,64.64836104082815
2002-05-27,2.3280879309578006,17.080922904957408,20.980362674218885,64.02560763229565
2002-05-28,1.7077381986272804,18.534421266035235,20.412330683326662,63.83760562163776
2002-05-29,1.4376131411413526,17.718465855545514,21.97099359675317,63.50817973625997
2002-05-30,2.258519479405267,20.058090218011323,20.93237426151166,64.87755645138525
2002-05-31,2.9900489080677617,18.72507746103429,20.976455627501107,64.51335721958213
2002-06-01,3.1993605149104196,18.72328458681149,21.05460384529649,63.64002870802115
2002-06-02,4.603619470342569,20.43908364015348,19.053407732189598,64.06907302375977
2002-06-03,4.209362014597173,20.477335470371152,21.787192450896605,62.459695249013905
2002-06-04,5.586908499957538,20.929915692908754,20.245127261553247,60.70780188181828
2002-06-05,6.062455910061841,22.045270887799465,19.269061581753828,63.186312743234524
2002-06-06,7.292001742128657,20.785036435779144,18.528921322361132,63.163885060910964
2002-06-07,7.228785827141561,21.57690401953637,18.300280961288017,62.97015887893946
2002-06-08,7.661656881416608,23.125709656501126,17.534234863384825,63.668160895321755
2002-06-09,6.778616297427769,23.319971860751004,18.271599360084526,63.409765883739496
2002-06-10,6.789565592180788,24.996229224590596,17.81255560635403,64.3599731922276
2002-06-11,5.246970069036648,26.775182221750082,17.658713329084783,64.14619924477297
2002-06-12,5.109851659340848,27.92023710440397,18.133859733398044,64.14488661320334
2002-06-13,5.495004208998173,25.87462176713974,18.001406087322817,65.96831798687695
2002-06-14,7.979499530365311,27.54020230343933,19.45389700635173,65.15615928377623
2002-06-15,6.449263301110306,27.717183974914224,19.865068677185135,66.34035049230923
2002-06-16,4.694908105235822,28.17917734086898,20.731986934850266,67.56151837355156
2002-06-17,3.372188476018218,28.742950010416042,20.927857906278575,68.38650420176857
2002-06-18,5.2401168986653754,27.22126959789891,20.561620365587654,67.59336075312851
2002-06-19,3.756298446912555,27.569995325204193,19.995295826810334,66.61058423628887
2002-06-20,3.265946325846325,28.165861503168106,19.351557561367695,66.35069295790055
2002-06-21,4.621558350909979,28.595889973217382,17.41880210116038,66.15603332030507
2002-06-22,5.24385224616279,30.17951553507291,17.674890088086606,66.2822407240274
2002-06-23,5.782790904779855,31.6068934422372,18.7217076065168,66.96026329188173
2002-06-24,6.427388088016707,32.02160378821251,17.93494980084764,67.66432298641423
2002-06-25,6.686408501913717,33.019027032864926,18.844447028187357,68.1639339862045
2002-06-26,6.22250420632451,31.321139545365092,18.635421011373104,67.27868836484006
2002-06-27,5.5319352036035045,31.017030971090282,17.791576969730137,66.47983350263087
2002-06-28,5.417539462166177,31.313206740083995,16.391439641469308,65.17989820080945
2002-06-29,7.350664412471564,30.85496961545415,16.43763646416995,63.813392748098785
2002-06-30,6.69186699831992,30.21060653128578,17.54123521970905,61.19672443971481
2002-07-01,7.2130572635080314,30.795882013950415,17.099977237964122,62.70648736027952
2002-07-02,5.825023690049431,30.924704691737897,17.68233818540199,63.41617695321494
2002-07-03,4.736712445321562,28.64866523719563,19.05500866885198,64.27881826273541
2002-07-04,5.7626595390258455,28.573279319699843,18.798565938672557,66.6699010053998
2002-07-05,6.250918625721881,28.66787228640359,18.85828103799219,67.78365145619324
2002-07-06,4.248630131855463,30.162109177293168,17.96648779747404,66.66076352731974
2002-07-07,5.035426329703747,30.774136828798756,18.406273108041873,67.38165684526342
2002-07-08,4.488086636309889,32.49583387728854,19.92680454743625,67.74243824748447
2002-07-09,5.708588230743598,33.139086055444764,18.17997250600058,67.03640055235014
2002-07-10,4.778161920275875,32.695100539789415,19.495417820727234,67.4775113318149
2002-07-11,5.584108157584694,32.54793180948504,18.993615196943946,66.93113729160895
2002-07-12,4.7805957238475365,32.67976074224027,19.18550649896251,66.6199846363888
2002-07-13,4.597037658070762,32.61315971227787,18.833690905363664,67.70584954867813
2002-07-14,4.4811243995496755,34.09099827936311,20.6077759798227,68.36905345163306
2002-07-15,3.173874108855261,33.56051526492591,19.914776042945572,67.74150442165144
2002-07-16,2.7325384126065106,35.06728092903921,20.609804835081086,67.89953576621974
2002-07-17,2.2526298056112264,34.90938225175816,21.522839204819896,66.60662223754383
2002-07-18,1.5906388510031175,35.81073060299108,20.9316078757383,65.8294485357259
2002-07-19,1.3622646146714577,36.343183798387535,21.84493505933011,65.17480491419784
2002-07-20,1.8564656923943645,35.974419407136686,21.968139420155126,64.86742113888914
2002-07-21,2.8599946655981006,35.19473656713556,20.954762732697127,65.03913563760126
2002-07-22,2.7921193707830594,35.723656645757735,20.555670156751514,64.04546969088413
2002-07-23,4.1394200352782855,36.195724162476814,19.52708759869239,61.280646058322944
2002-07-24,3.255991549738709,34.84546059411979,19.274806965406945,59.950243584046966
2002-07-25,3.3745255885325323,34.53743770346133,18.034334954414355,62.96569956229008
2002-07-26,4.594719495389654,34.83694445449489,18.26387698920078,63.63833014524456
2002-07-27,3.7836574678229735,35.033472030999704,19.321061967419595,62.97473172279238
2002-07-28,5.328536486719874,33.351008552437904,18.449994875399433,62.466872430026704
2002-07-29,5.9059227387237305,35.406089153171365,19.411225572948727,61.796539504295815
2002-07-30,7.195729076532548,37.13018795815916,18.831874251156442,61.788842392453574
2002-07-31,6.879129285794415,37.310781409687664,17.55270015165086,60.77776653747425
2002-08-01,6.8408776262138185,37.92549280337021,16.90616688340061,63.09505538153568
2002-08-02,6.996062843420012,38.115160820722984,16.730404356400516,64.94088590922729
2002-08-03,7.505118625426556,37.29101568195592,16.546578589386716,64.34308206118955
2002-08-04,7.4748578846699525,38.087036731019786,19.087046343827186,65.11206526244179
2002-08-05,8.7008388308362,37.895804586893426,19.75699657335919,63.817562393486945
2002-08-06,8.647013176013324,37.58496728878619,20.32082234920548,63.269107642060604
2002-08-07,9.710436547642837,37.96644195029006,19.65755699775091,62.282794670820735
2002-08-08,9.651781324973298,36.28231108734081,18.88487913935277,63.94067354514403
2002-08-09,10.157661403405376,36.85065957258547,19.857687354288302,63.05841053633865
2002-08-10,10.380684533474717,35.99342846282616,21.244479855182156,64.85159948903113
2002-08-11,11.323614615472923,36.4162377156565,20.128966819357274,65.26489179733186
2002-08-12,11.64821387770219,36.47766201628319,20.445335366798354,65.83425898536225
2002-08-13,11.341985076582075,36.67169749035834,19.352961742426015,67.06345343500143
2002-08-14,11.968867812276653,36.73132953554191,19.945772724617306,67.45570287747469
2002-08-15,11.949855172453788,37.44365102056961,18.856333909689894,68.13851012931285
2002-08-16,9.527567693100522,37.204072638156504,19.367464107108955,67.84477706502427
2002-08-17,8.322896622858755,34.82712945093506,19.461624229574916,68.80008843127486
2002-08-18,8.446600782510961,34.085300682103146,18.340993752403623,69.77628156668892
2002-08-19,7.551841783868176,34.01354460435731,18.268548159552132,68.37340848539077
2002-08-20,7.460807556239376,34.19699917334139,18.536553117769614,66.82227109405484
2002-08-21,7.101916716954259,31.440191037200055,17.06574964395455,65.13408909596474
2002-08-22,7.978566469931622,30.620299428242287,16.552488163638294,65.18721818098199
2002-08-23,6.557434544431887,29.279095287517926,16.201096989705277,64.10446850183654
2002-08-24,7.197104620870474,29.273978343859053,16.571894291410246,65.27429696124189
2002-08-25,6.042541361193237,28.752579162331664,17.23721727755122,64.56202299274193
2002-08-26,6.084019212432306,28.078489240746876,15.583267338108122,64.13539412532364
2002-08-27,4.720494879448623,25.989587135455235,17.244664558268152,63.35574055316753
2002-08-28,3.172734026892937,26.417099750030932,19.177749636468455,62.69463940520368
2002-08-29,1.7396624576109259,27.154438171044582,19.556013097114352,62.18823473369809
2002-08-30,1.8708793171245521,27.80392319927326,19.980395994672477,60.5590524559192
2002-08-31,2.976931392926258,29.37851879150575,19.15651173599214,59.177158982334085
2002-09-01,2.1549998177297915,30.609507192771623,20.19909588961772,59.04757632336341
2002-09-02,1.1661534485080123,30.9225296946944,20.123511203657625,60.04090841105018
2002-09-03,0.49112140297554163,30.754671224423,20.120467040035276,59.01151265675886
2002-09-04,1.0569782994559394,31.132642265619705,19.428375328835234,58.945495492896455
2002-09-05,1.1206389982213336,29.877111961510238,18.27719976640787,57.437659506696065
2002-09-06,0.23305220967727813,30.184577277629828,19.64492918489216,55.646846906899235
2002-09-07,-0.5877402211185557,32.714209663306704,20.04725214313384,55.05672923867129
2002-09-08,-0.8485680509488174,32.83539997067305,19.367027356745623,54.34586408499515
2002-09-09,-2.1123603614315276,34.50852971016243,18.8858881877271,54.99939031608725
2002-09-10,-4.017430943197687,35.788255163720656,21.08871921438591,53.91790618854571
2002-09-11,-4.16703240779051,34.48148443538354,21.586393602841003,53.31383751372241
2002-09-12,-4.734050476750888,35.182004355161126,22.763545004138653,52.45431618618938
2002-09-13,-3.8452397102638436,34.97083446863867,22.154689344158477,52.59354483827129
2002-09-14,-2.100263604875155,33.52945814183946,20.76798097413432,54.465176309466734
2002-09-15,-0.7454928172377961,34.63634365043906,21.148137581354977,53.29362479511159
2002-09-16,-0.02993006407443688,32.6310910189142,21.51889893512004,53.50307392877853
2002-09-17,-0.7705894781728138,31.972242861034978,21.098901127486357,53.207998371133954
2002-09-18,-0.24000465058154552,31.326838788757197,21.507337004356767,52.76047594834292
2002-09-19,-0.2876706210996429,31.916698159725943,20.596056931496097,52.03671403076314
2002-09-20,-0.5233902813972118,30.950505518250107,19.59722573042316,51.3032840087355
2002-09-21,1.4203120986251951,31.586246068534553,19.09358706722969,50.47790344662666
2002-09-22,0.8080207774370984,30.0535070419986,19.35198623482153,49.849372736139024
2002-09-23,1.0095190998663337,30.498818415080876,20.957431554190908,49.70803936525851
2002-09-24,0.5230824573601811,30.297142514155343,19.687125780356045,50.391440185619764
2002-09-25,-0.4206184298022865,29.227237493946692,20.556406609836603,51.49262426046652
2002-09-26,0.008728431964250438,27.701311545966632,20.289876173302904,52.98715790841605
